<?xml version="1.0"?>
<!-- This document contains account information for the clients of Brian Carlson -->
<!-- Created by Sarah Smith for Delton Mutual Life -->
<?xml-stylesheet type="text/css" href="Delton.css" ?> 

<Accounts>

  <Client ID="CS5355">
    <Name><First>Grant</First><Last>Wu</Last></Name>
    <Address>
      <Street>55 Hawking Street</Street>
      <City>Delton</City>, <State>MN</State> <Zip>89011</Zip>
    </Address>
    <Phone>(532) 555-9939</Phone>
    <E-mail>gwu@brockton.com</E-mail>
    <Account_Total>$60,000</Account_Total>
  </Client>

  <Client ID="CS5108">
    <Name><First>Cynthia</First><Last>Browne</Last></Name>
    <Address>
      <Street>71 Circuit Ct.</Street>
      <City>Wheaton</City>, <State>MN</State> <Zip>89321</Zip>
    </Address>
    <Phone>(532) 555-3813</Phone>
    <E-mail>cynthia@brownes.com</E-mail>
    <Account_Total>$80,000</Account_Total>
  </Client>

  <Client ID="CS5331">
    <Name><First>Robert</First><Last>Olson</Last></Name>
    <Address>
      <Street>5133 Oak Street</Street>
      <City>Delton</City>, <State>MN</State>  <Zip>89011</Zip>
    </Address>
    <Phone>(532) 555-8981</Phone>
    <E-mail>rolson@delisp.net</E-mail>
    <Account_Total>$25,000</Account_Total>
  </Client>

  <Client ID="CS5771">
    <Name><First>Steve</First><Last>Bones</Last></Name>
    <Address>
      <Street>900 Lawton Street</Street>
      <City>Wheaton</City>, <State>MN</State> <Zip>89211</Zip>
    </Address>
    <Phone>(533) 555-5434</Phone>
    <E-mail>Sbone@mail.com</E-mail>
    <Account_Total>$105,000</Account_Total>
  </Client>

  <Client ID="CS5981">
    <Name><First>Jim</First><Last>Wheatley</Last></Name>
    <Address>
      <Street>Hawkes Lane</Street>
      <City>Delton</City>, <State>MN</State> <Zip>89211</Zip>
    </Address>
    <Phone>(542) 555-8828</Phone>
    <E-mail>jim_wheatley@kyu.edu</E-mail>
    <Account_Total>$83,000</Account_Total>
  </Client>

  <Client ID="CS5308">
    <Name><First>Cindy</First><Last>Kaufmann</Last></Name>
    <Address>
      <Street>31 Alice Avenue</Street>
      <City>Delton</City>, <State>MN</State> <Zip>89011</Zip>
    </Address>
    <Phone>(532) 555-7212</Phone>
    <E-mail>cka@ispnet.net</E-mail>
    <Account_Total>$125,000</Account_Total>
  </Client>

  <Client ID="CS5250">
    <Name><First>Lee</First><Last>Hayes</Last></Name>
    <Address>
      <Street>451 Unwin Ct.</Street>
      <City>Jasper</City>, <State>MN</State> <Zip>89381</Zip>
    </Address>
    <Phone>(534) 555-9082</Phone>
    <E-mail>leehayes@clarion.net</E-mail>
    <Account_Total>$118,000</Account_Total>
  </Client>

  <Client ID="CS5981">
    <Name><First>Jane</First><Last>Wilson</Last></Name>
    <Address>
      <Street>87 Hilltop Drive</Street>
      <City>Jasper</City>, <State>MN</State> <Zip>89381</Zip>
    </Address>
    <Phone>(534) 555-7493</Phone>
    <E-mail>jwilson@cls.net</E-mail>
    <Account_Total>$95,000</Account_Total>
  </Client>

  <Client ID="CS5510">
    <Name><First>Allison</First><Last>Steubahl</Last></Name>
    <Address>
      <Street>891 Lindon Lane</Street>
      <City>Delton</City>, <State>MN</State> <Zip>89011</Zip>
    </Address>
    <Phone>(532) 555-4313</Phone>
    <E-mail>asteubahl@yulit.com</E-mail>
    <Account_Total>$115,000</Account_Total>
  </Client>

  <Client ID="CS5821">
    <Name><First>Howard</First><Last>Li</Last></Name>
    <Address>
      <Street>4312 East Oak Avenue</Street>
      <City>Youngston</City>, <State>MN</State> <Zip>89318</Zip>

    </Address>
    <Phone>(532) 555-3921</Phone>
    <E-mail>how@li.com</E-mail>
    <Account_Total>$50,000</Account_Total>
  </Client>

  <Client ID="CS5482">
    <Name><First>Uma</First><Last>Thurston</Last></Name>
    <Address>
      <Street>25 Longton Lane</Street>
      <City>Delton</City>, <State>MN</State> <Zip>89011</Zip>

    </Address>
    <Phone>(531) 555-8730</Phone>
    <E-mail>thurston@mail.com</E-mail>
    <Account_Total>$100,000</Account_Total>
  </Client>

  <Client ID="CS5811">
    <Name><First>Ashley</First><Last>Wilkes</Last></Name>
    <Address>
      <Street>321 Ashburn</Street>
      <City>Jasper</City>, <State>MN</State> <Zip>89831</Zip>

    </Address>
    <Phone>(532) 555-1181</Phone>
    <E-mail>wilkes_alan@wuilt.edu</E-mail>
    <Account_Total>$25,000</Account_Total>
  </Client>

  <Client ID="CS5314">
    <Name><First>Tom</First><Last>Thomas</Last></Name>
    <Address>
      <Street>Rigel Avenue</Street>
      <City>Drake</City>, <State>MN</State> <Zip>89411</Zip>

    </Address>
    <Phone>(531) 555-8311</Phone>
    <E-mail>tthomas@mail.com</E-mail>
    <Account_Total>$71,000</Account_Total>
  </Client>

</Accounts>